,KFold1,KFold2,KFold3,KFold4,KFold5,KFold6,KFold7,KFold8,KFold9,KFold10,Avg Score
LogisticRegression,0.7504690431519699,0.8255159474671669,0.8311444652908068,0.8255159474671669,0.8292682926829268,0.8480300187617261,0.8086303939962477,0.8067542213883677,0.8048780487804879,0.7166979362101313,0.8046904315196999
LinearSVC,0.7560975609756098,0.8292682926829268,0.8255159474671669,0.8236397748592871,0.8161350844277674,0.8386491557223265,0.8048780487804879,0.8161350844277674,0.8030018761726079,0.7335834896810507,0.8046904315196997
KNeighborsClassifier,0.8292682926829268,0.8724202626641651,0.8949343339587242,0.8930581613508443,0.8780487804878049,0.874296435272045,0.8555347091932458,0.8761726078799249,0.8592870544090057,0.8217636022514071,0.8654784240150093
RandomForestClassifier,0.7917448405253283,0.9024390243902439,0.924953095684803,0.9061913696060038,0.900562851782364,0.9043151969981238,0.874296435272045,0.8780487804878049,0.8799249530956847,0.7617260787992496,0.8724202626641653
XGBClassifier,0.8311444652908068,0.8949343339587242,0.9212007504690432,0.8949343339587242,0.9024390243902439,0.9118198874296435,0.8893058161350844,0.8949343339587242,0.8855534709193246,0.7842401500938087,0.8810506566604127
CatBoostClassifier,0.8198874296435272,0.900562851782364,0.9193245778611632,0.9080675422138836,0.9155722326454033,0.9024390243902439,0.8874296435272045,0.8986866791744841,0.8911819887429644,0.7936210131332082,0.8836772983114447
